

INSERT INTO "AspNetUsers" ("Id", "UserName", "NormalizedUserName", "Email", "NormalizedEmail", "EmailConfirmed", "PasswordHash", "SecurityStamp", "ConcurrencyStamp", "PhoneNumber", "PhoneNumberConfirmed", "TwoFactorEnabled", "LockoutEnd", "LockoutEnabled", "AccessFailedCount") VALUES('344305d1-2180-49b5-92bb-576066c8abfd', 'Dr. José Francisco Acuña Vizcaya  ', 'JOSEAV@CORTESUPREMA.GOV.CO', 'joseav@cortesuprema.gov.co', 'JOSEAV@CORTESUPREMA.GOV.CO', true, 'AQAAAAEAACcQAAAAEINQhuxXWIyZegMKOOS/gb/jBUCeN0XLNdILaCUZ0r2vChNporDUdnW58EESEkFkgQ==', 'ZQEQL24ONEDKMY6JCNIIDMXCJDJCNJCU', '134a2876-e2cf-44b6-a622-f5ad86909a31', NULL, false, false, NULL, true, 0);
INSERT INTO "AspNetUsers" ("Id", "UserName", "NormalizedUserName", "Email", "NormalizedEmail", "EmailConfirmed", "PasswordHash", "SecurityStamp", "ConcurrencyStamp", "PhoneNumber", "PhoneNumberConfirmed", "TwoFactorEnabled", "LockoutEnd", "LockoutEnabled", "AccessFailedCount") VALUES('fd30d6df-f897-4e5e-90e7-1f1de6462d93', 'Dr. Gerardo Botero Zuluaga  ', 'GERARDOBZ@CORTESUPREMA.GOV.CO', 'gerardobz@cortesuprema.gov.co', 'GERARDOBZ@CORTESUPREMA.GOV.CO', true, 'AQAAAAEAACcQAAAAEINQhuxXWIyZegMKOOS/gb/jBUCeN0XLNdILaCUZ0r2vChNporDUdnW58EESEkFkgQ==', 'ZQEQL24ONEDKMY6JCNIIDMXCJDJCNJCU', '134a2876-e2cf-44b6-a622-f5ad86909a31', NULL, false, false, NULL, true, 0);
INSERT INTO "AspNetUsers" ("Id", "UserName", "NormalizedUserName", "Email", "NormalizedEmail", "EmailConfirmed", "PasswordHash", "SecurityStamp", "ConcurrencyStamp", "PhoneNumber", "PhoneNumberConfirmed", "TwoFactorEnabled", "LockoutEnd", "LockoutEnabled", "AccessFailedCount") VALUES('c5a47ca4-fb55-4a28-ae81-e83eff80d624', 'Dr. Fernando Castillo Cadena  ', 'FERNANDOCC@CORTESUPREMA.RAMAJUDICIAL.GOV.CO', 'fernandocc@cortesuprema.ramajudicial.gov.co', 'FERNANDOCC@CORTESUPREMA.RAMAJUDICIAL.GOV.CO', true, 'AQAAAAEAACcQAAAAEINQhuxXWIyZegMKOOS/gb/jBUCeN0XLNdILaCUZ0r2vChNporDUdnW58EESEkFkgQ==', 'ZQEQL24ONEDKMY6JCNIIDMXCJDJCNJCU', '134a2876-e2cf-44b6-a622-f5ad86909a31', NULL, false, false, NULL, true, 0);
INSERT INTO "AspNetUsers" ("Id", "UserName", "NormalizedUserName", "Email", "NormalizedEmail", "EmailConfirmed", "PasswordHash", "SecurityStamp", "ConcurrencyStamp", "PhoneNumber", "PhoneNumberConfirmed", "TwoFactorEnabled", "LockoutEnd", "LockoutEnabled", "AccessFailedCount") VALUES('acb54311-3baa-4d9b-822d-8f5026104101', 'Dr. Gerson Chaverra Castro ', 'GERSONCC@CORTESUPREMA.GOV.CO', 'gersoncc@cortesuprema.gov.co', 'GERSONCC@CORTESUPREMA.GOV.CO', true, 'AQAAAAEAACcQAAAAEINQhuxXWIyZegMKOOS/gb/jBUCeN0XLNdILaCUZ0r2vChNporDUdnW58EESEkFkgQ==', 'ZQEQL24ONEDKMY6JCNIIDMXCJDJCNJCU', '134a2876-e2cf-44b6-a622-f5ad86909a31', NULL, false, false, NULL, true, 0);
INSERT INTO "AspNetUsers" ("Id", "UserName", "NormalizedUserName", "Email", "NormalizedEmail", "EmailConfirmed", "PasswordHash", "SecurityStamp", "ConcurrencyStamp", "PhoneNumber", "PhoneNumberConfirmed", "TwoFactorEnabled", "LockoutEnd", "LockoutEnabled", "AccessFailedCount") VALUES('006bc0f4-71a0-493a-bc5f-a2dcb7025410', 'Dra. Clara Cecilia Dueñas Quevedo  ', 'CLARACQ@CORTESUPREMA.GOV.CO', 'claracq@cortesuprema.gov.co', 'CLARACQ@CORTESUPREMA.GOV.CO', true, 'AQAAAAEAACcQAAAAEINQhuxXWIyZegMKOOS/gb/jBUCeN0XLNdILaCUZ0r2vChNporDUdnW58EESEkFkgQ==', 'ZQEQL24ONEDKMY6JCNIIDMXCJDJCNJCU', '134a2876-e2cf-44b6-a622-f5ad86909a31', NULL, false, false, NULL, true, 0);
INSERT INTO "AspNetUsers" ("Id", "UserName", "NormalizedUserName", "Email", "NormalizedEmail", "EmailConfirmed", "PasswordHash", "SecurityStamp", "ConcurrencyStamp", "PhoneNumber", "PhoneNumberConfirmed", "TwoFactorEnabled", "LockoutEnd", "LockoutEnabled", "AccessFailedCount") VALUES('f012cde8-8125-4f83-bc30-0848588d80c6', 'Dr. Eugenio Fernández Carlier  ', 'EUGENIOFC@CORTESUPREMA.GOV.CO', 'eugeniofc@cortesuprema.gov.co', 'EUGENIOFC@CORTESUPREMA.GOV.CO', true, 'AQAAAAEAACcQAAAAEINQhuxXWIyZegMKOOS/gb/jBUCeN0XLNdILaCUZ0r2vChNporDUdnW58EESEkFkgQ==', 'ZQEQL24ONEDKMY6JCNIIDMXCJDJCNJCU', '134a2876-e2cf-44b6-a622-f5ad86909a31', NULL, false, false, NULL, true, 0);
INSERT INTO "AspNetUsers" ("Id", "UserName", "NormalizedUserName", "Email", "NormalizedEmail", "EmailConfirmed", "PasswordHash", "SecurityStamp", "ConcurrencyStamp", "PhoneNumber", "PhoneNumberConfirmed", "TwoFactorEnabled", "LockoutEnd", "LockoutEnabled", "AccessFailedCount") VALUES('8b38c8a7-718e-4814-98a7-5e1f7563e9a5', 'Dr. Álvaro Fernando García Restrepo ', 'ALVAROGR@CORTESUPREMA.GOV.CO', 'alvarogr@cortesuprema.gov.co', 'ALVAROGR@CORTESUPREMA.GOV.CO', true, 'AQAAAAEAACcQAAAAEINQhuxXWIyZegMKOOS/gb/jBUCeN0XLNdILaCUZ0r2vChNporDUdnW58EESEkFkgQ==', 'ZQEQL24ONEDKMY6JCNIIDMXCJDJCNJCU', '134a2876-e2cf-44b6-a622-f5ad86909a31', NULL, false, false, NULL, true, 0);
INSERT INTO "AspNetUsers" ("Id", "UserName", "NormalizedUserName", "Email", "NormalizedEmail", "EmailConfirmed", "PasswordHash", "SecurityStamp", "ConcurrencyStamp", "PhoneNumber", "PhoneNumberConfirmed", "TwoFactorEnabled", "LockoutEnd", "LockoutEnabled", "AccessFailedCount") VALUES('263940a3-c01a-4df1-8a56-8b2e5c716463', 'Dr. Luis Antonio Hernández Barbosa ', 'LUISHB@CORTESUPREMA.GOV.CO', 'luishb@cortesuprema.gov.co', 'LUISHB@CORTESUPREMA.GOV.CO', true, 'AQAAAAEAACcQAAAAEINQhuxXWIyZegMKOOS/gb/jBUCeN0XLNdILaCUZ0r2vChNporDUdnW58EESEkFkgQ==', 'ZQEQL24ONEDKMY6JCNIIDMXCJDJCNJCU', '134a2876-e2cf-44b6-a622-f5ad86909a31', NULL, false, false, NULL, true, 0);
INSERT INTO "AspNetUsers" ("Id", "UserName", "NormalizedUserName", "Email", "NormalizedEmail", "EmailConfirmed", "PasswordHash", "SecurityStamp", "ConcurrencyStamp", "PhoneNumber", "PhoneNumberConfirmed", "TwoFactorEnabled", "LockoutEnd", "LockoutEnabled", "AccessFailedCount") VALUES('4696c44d-f17b-4f6e-9a38-5faa0d4b37e5', 'Dr. Luis Benedicto Herrera Díaz  ', 'LUISHD@CORTESUPREMA.GOV.CO', 'luishd@cortesuprema.gov.co', 'LUISHD@CORTESUPREMA.GOV.CO', true, 'AQAAAAEAACcQAAAAEINQhuxXWIyZegMKOOS/gb/jBUCeN0XLNdILaCUZ0r2vChNporDUdnW58EESEkFkgQ==', 'ZQEQL24ONEDKMY6JCNIIDMXCJDJCNJCU', '134a2876-e2cf-44b6-a622-f5ad86909a31', NULL, false, false, NULL, true, 0);
INSERT INTO "AspNetUsers" ("Id", "UserName", "NormalizedUserName", "Email", "NormalizedEmail", "EmailConfirmed", "PasswordHash", "SecurityStamp", "ConcurrencyStamp", "PhoneNumber", "PhoneNumberConfirmed", "TwoFactorEnabled", "LockoutEnd", "LockoutEnabled", "AccessFailedCount") VALUES('bfe2f1f8-b38c-4854-95e4-a06e82bf1fc5', 'Dr. Iván Mauricio Lenis Gómez ', 'IVANLG@CORTESUPREMA.RAMAJUDICIAL.GOV.CO', 'ivanlg@cortesuprema.ramajudicial.gov.co', 'IVANLG@CORTESUPREMA.RAMAJUDICIAL.GOV.CO', true, 'AQAAAAEAACcQAAAAEINQhuxXWIyZegMKOOS/gb/jBUCeN0XLNdILaCUZ0r2vChNporDUdnW58EESEkFkgQ==', 'ZQEQL24ONEDKMY6JCNIIDMXCJDJCNJCU', '134a2876-e2cf-44b6-a622-f5ad86909a31', NULL, false, false, NULL, true, 0);
INSERT INTO "AspNetUsers" ("Id", "UserName", "NormalizedUserName", "Email", "NormalizedEmail", "EmailConfirmed", "PasswordHash", "SecurityStamp", "ConcurrencyStamp", "PhoneNumber", "PhoneNumberConfirmed", "TwoFactorEnabled", "LockoutEnd", "LockoutEnabled", "AccessFailedCount") VALUES('4e3b632f-bef0-41c2-b6ca-b1e20a9d27e5', 'Dr. Omar Ángel Mejía Amador ', 'OMARMA@CORTESUPREMA.GOV.CO', 'omarma@cortesuprema.gov.co', 'OMARMA@CORTESUPREMA.GOV.CO', true, 'AQAAAAEAACcQAAAAEINQhuxXWIyZegMKOOS/gb/jBUCeN0XLNdILaCUZ0r2vChNporDUdnW58EESEkFkgQ==', 'ZQEQL24ONEDKMY6JCNIIDMXCJDJCNJCU', '134a2876-e2cf-44b6-a622-f5ad86909a31', NULL, false, false, NULL, true, 0);
INSERT INTO "AspNetUsers" ("Id", "UserName", "NormalizedUserName", "Email", "NormalizedEmail", "EmailConfirmed", "PasswordHash", "SecurityStamp", "ConcurrencyStamp", "PhoneNumber", "PhoneNumberConfirmed", "TwoFactorEnabled", "LockoutEnd", "LockoutEnabled", "AccessFailedCount") VALUES('43102b4d-a5e1-4bc4-8de1-a7cd85f7c50b', 'Dr. Jaime Humberto Moreno Acero ', 'JAIMEMA@CORTESUPREMA.GOV.CO', 'jaimema@cortesuprema.gov.co', 'JAIMEMA@CORTESUPREMA.GOV.CO', true, 'AQAAAAEAACcQAAAAEINQhuxXWIyZegMKOOS/gb/jBUCeN0XLNdILaCUZ0r2vChNporDUdnW58EESEkFkgQ==', 'ZQEQL24ONEDKMY6JCNIIDMXCJDJCNJCU', '134a2876-e2cf-44b6-a622-f5ad86909a31', NULL, false, false, NULL, true, 0);
INSERT INTO "AspNetUsers" ("Id", "UserName", "NormalizedUserName", "Email", "NormalizedEmail", "EmailConfirmed", "PasswordHash", "SecurityStamp", "ConcurrencyStamp", "PhoneNumber", "PhoneNumberConfirmed", "TwoFactorEnabled", "LockoutEnd", "LockoutEnabled", "AccessFailedCount") VALUES('211fd656-b636-44f7-8932-0833377e6b28', 'Dr. Fabio Ospitia Garzón ', 'FABIOOG@CORTESUPREMA.GOV.CO', 'fabioog@cortesuprema.gov.co', 'FABIOOG@CORTESUPREMA.GOV.CO', true, 'AQAAAAEAACcQAAAAEINQhuxXWIyZegMKOOS/gb/jBUCeN0XLNdILaCUZ0r2vChNporDUdnW58EESEkFkgQ==', 'ZQEQL24ONEDKMY6JCNIIDMXCJDJCNJCU', '134a2876-e2cf-44b6-a622-f5ad86909a31', NULL, false, false, NULL, true, 0);
INSERT INTO "AspNetUsers" ("Id", "UserName", "NormalizedUserName", "Email", "NormalizedEmail", "EmailConfirmed", "PasswordHash", "SecurityStamp", "ConcurrencyStamp", "PhoneNumber", "PhoneNumberConfirmed", "TwoFactorEnabled", "LockoutEnd", "LockoutEnabled", "AccessFailedCount") VALUES('6edb04ee-67dc-40cc-a182-f926912d9d66', 'Dr. Eyder Patiño Cabrera  ', 'EYDERPC@CORTESUPREMA.GOV.CO', 'eyderpc@cortesuprema.gov.co', 'EYDERPC@CORTESUPREMA.GOV.CO', true, 'AQAAAAEAACcQAAAAEINQhuxXWIyZegMKOOS/gb/jBUCeN0XLNdILaCUZ0r2vChNporDUdnW58EESEkFkgQ==', 'ZQEQL24ONEDKMY6JCNIIDMXCJDJCNJCU', '134a2876-e2cf-44b6-a622-f5ad86909a31', NULL, false, false, NULL, true, 0);
INSERT INTO "AspNetUsers" ("Id", "UserName", "NormalizedUserName", "Email", "NormalizedEmail", "EmailConfirmed", "PasswordHash", "SecurityStamp", "ConcurrencyStamp", "PhoneNumber", "PhoneNumberConfirmed", "TwoFactorEnabled", "LockoutEnd", "LockoutEnabled", "AccessFailedCount") VALUES('b06e8f3d-854b-4635-8d19-27eb20018192', 'Dr. Hugo Quintero Bernate ', 'HUGOQB@CORTESUPREMA.GOV.CO', 'hugoqb@cortesuprema.gov.co', 'HUGOQB@CORTESUPREMA.GOV.CO', true, 'AQAAAAEAACcQAAAAEINQhuxXWIyZegMKOOS/gb/jBUCeN0XLNdILaCUZ0r2vChNporDUdnW58EESEkFkgQ==', 'ZQEQL24ONEDKMY6JCNIIDMXCJDJCNJCU', '134a2876-e2cf-44b6-a622-f5ad86909a31', NULL, false, false, NULL, true, 0);
INSERT INTO "AspNetUsers" ("Id", "UserName", "NormalizedUserName", "Email", "NormalizedEmail", "EmailConfirmed", "PasswordHash", "SecurityStamp", "ConcurrencyStamp", "PhoneNumber", "PhoneNumberConfirmed", "TwoFactorEnabled", "LockoutEnd", "LockoutEnabled", "AccessFailedCount") VALUES('e23ae29a-be4a-4b59-8803-b1e5d02b3cde', 'Dr. Jorge Luis Quiroz Alemán', 'JORGEQA@CORTESUPREMA.GOV.CO', 'jorgeqa@cortesuprema.gov.co', 'JORGEQA@CORTESUPREMA.GOV.CO', true, 'AQAAAAEAACcQAAAAEINQhuxXWIyZegMKOOS/gb/jBUCeN0XLNdILaCUZ0r2vChNporDUdnW58EESEkFkgQ==', 'ZQEQL24ONEDKMY6JCNIIDMXCJDJCNJCU', '134a2876-e2cf-44b6-a622-f5ad86909a31', NULL, false, false, NULL, true, 0);
INSERT INTO "AspNetUsers" ("Id", "UserName", "NormalizedUserName", "Email", "NormalizedEmail", "EmailConfirmed", "PasswordHash", "SecurityStamp", "ConcurrencyStamp", "PhoneNumber", "PhoneNumberConfirmed", "TwoFactorEnabled", "LockoutEnd", "LockoutEnabled", "AccessFailedCount") VALUES('c063415f-0a47-43b4-8b84-ae0e0e3d9da2', 'Dr. Aroldo Wilson Quiroz Monsalvo', 'AROLDOQM@CORTESUPREMA.GOV.CO', 'aroldoqm@cortesuprema.gov.co', 'AROLDOQM@CORTESUPREMA.GOV.CO', true, 'AQAAAAEAACcQAAAAEINQhuxXWIyZegMKOOS/gb/jBUCeN0XLNdILaCUZ0r2vChNporDUdnW58EESEkFkgQ==', 'ZQEQL24ONEDKMY6JCNIIDMXCJDJCNJCU', '134a2876-e2cf-44b6-a622-f5ad86909a31', NULL, false, false, NULL, true, 0);
INSERT INTO "AspNetUsers" ("Id", "UserName", "NormalizedUserName", "Email", "NormalizedEmail", "EmailConfirmed", "PasswordHash", "SecurityStamp", "ConcurrencyStamp", "PhoneNumber", "PhoneNumberConfirmed", "TwoFactorEnabled", "LockoutEnd", "LockoutEnabled", "AccessFailedCount") VALUES('16b3f6f8-ded1-4117-ac95-d87c47cbaabb', 'Dr. Luis Alonso Rico Puerta  ', 'LUISRP@CORTESUPREMA.RAMAJUDICIAL.GOV.CO', 'luisrp@cortesuprema.ramajudicial.gov.co', 'LUISRP@CORTESUPREMA.RAMAJUDICIAL.GOV.CO', true, 'AQAAAAEAACcQAAAAEINQhuxXWIyZegMKOOS/gb/jBUCeN0XLNdILaCUZ0r2vChNporDUdnW58EESEkFkgQ==', 'ZQEQL24ONEDKMY6JCNIIDMXCJDJCNJCU', '134a2876-e2cf-44b6-a622-f5ad86909a31', NULL, false, false, NULL, true, 0);
INSERT INTO "AspNetUsers" ("Id", "UserName", "NormalizedUserName", "Email", "NormalizedEmail", "EmailConfirmed", "PasswordHash", "SecurityStamp", "ConcurrencyStamp", "PhoneNumber", "PhoneNumberConfirmed", "TwoFactorEnabled", "LockoutEnd", "LockoutEnabled", "AccessFailedCount") VALUES('f91aebf5-1e4c-4c72-82e1-ff94572f6a7a', 'Dra. Patricia Salazar Cuéllar  ', 'PATRICIASC@CORTESUPREMA.GOV.CO', 'patriciasc@cortesuprema.gov.co', 'PATRICIASC@CORTESUPREMA.GOV.CO', true, 'AQAAAAEAACcQAAAAEINQhuxXWIyZegMKOOS/gb/jBUCeN0XLNdILaCUZ0r2vChNporDUdnW58EESEkFkgQ==', 'ZQEQL24ONEDKMY6JCNIIDMXCJDJCNJCU', '134a2876-e2cf-44b6-a622-f5ad86909a31', NULL, false, false, NULL, true, 0);
INSERT INTO "AspNetUsers" ("Id", "UserName", "NormalizedUserName", "Email", "NormalizedEmail", "EmailConfirmed", "PasswordHash", "SecurityStamp", "ConcurrencyStamp", "PhoneNumber", "PhoneNumberConfirmed", "TwoFactorEnabled", "LockoutEnd", "LockoutEnabled", "AccessFailedCount") VALUES('8339382d-96bf-479b-b1cd-46d74a11399b', 'Dr. Octavio Augusto Tejeiro Duque  ', 'OCTAVIOTD@CORTESUPREMA.GOV.CO', 'octaviotd@cortesuprema.gov.co', 'OCTAVIOTD@CORTESUPREMA.GOV.CO', true, 'AQAAAAEAACcQAAAAEINQhuxXWIyZegMKOOS/gb/jBUCeN0XLNdILaCUZ0r2vChNporDUdnW58EESEkFkgQ==', 'ZQEQL24ONEDKMY6JCNIIDMXCJDJCNJCU', '134a2876-e2cf-44b6-a622-f5ad86909a31', NULL, false, false, NULL, true, 0);
INSERT INTO "AspNetUsers" ("Id", "UserName", "NormalizedUserName", "Email", "NormalizedEmail", "EmailConfirmed", "PasswordHash", "SecurityStamp", "ConcurrencyStamp", "PhoneNumber", "PhoneNumberConfirmed", "TwoFactorEnabled", "LockoutEnd", "LockoutEnabled", "AccessFailedCount") VALUES('9d3088dc-0df5-4a08-9630-f032d9ee129d', 'Dr. Francisco José Ternera Barrios ', 'FRANCISCOTB@CORTESUPREMA.GOV.CO', 'franciscotb@cortesuprema.gov.co', 'FRANCISCOTB@CORTESUPREMA.GOV.CO', true, 'AQAAAAEAACcQAAAAEINQhuxXWIyZegMKOOS/gb/jBUCeN0XLNdILaCUZ0r2vChNporDUdnW58EESEkFkgQ==', 'ZQEQL24ONEDKMY6JCNIIDMXCJDJCNJCU', '134a2876-e2cf-44b6-a622-f5ad86909a31', NULL, false, false, NULL, true, 0);
INSERT INTO "AspNetUsers" ("Id", "UserName", "NormalizedUserName", "Email", "NormalizedEmail", "EmailConfirmed", "PasswordHash", "SecurityStamp", "ConcurrencyStamp", "PhoneNumber", "PhoneNumberConfirmed", "TwoFactorEnabled", "LockoutEnd", "LockoutEnabled", "AccessFailedCount") VALUES('57c4989e-614c-45d0-81f9-55c4a77b525b', 'Dr. Luis Armando Tolosa Villabona  ', 'LUISTV@CORTESUPREMA.GOV.CO', 'luistv@cortesuprema.gov.co', 'LUISTV@CORTESUPREMA.GOV.CO', true, 'AQAAAAEAACcQAAAAEINQhuxXWIyZegMKOOS/gb/jBUCeN0XLNdILaCUZ0r2vChNporDUdnW58EESEkFkgQ==', 'ZQEQL24ONEDKMY6JCNIIDMXCJDJCNJCU', '134a2876-e2cf-44b6-a622-f5ad86909a31', NULL, false, false, NULL, true, 0);



insert into votante values (uuid_generate_v4(),'Dr. José Francisco Acuña Vizcaya  ','joseav@cortesuprema.gov.co','a0eebc99-9c0b-4ef8-bb6d-6bb9bd380a11','344305d1-2180-49b5-92bb-576066c8abfd',current_timestamp,current_timestamp,null,1);
insert into votante values (uuid_generate_v4(),'Dr. Gerardo Botero Zuluaga  ','Gerardobz@cortesuprema.gov.co','a0eebc99-9c0b-4ef8-bb6d-6bb9bd380a11','fd30d6df-f897-4e5e-90e7-1f1de6462d93',current_timestamp,current_timestamp,null,1);
insert into votante values (uuid_generate_v4(),'Dr. Fernando Castillo Cadena  ','fernandocc@cortesuprema.ramajudicial.gov.co','a0eebc99-9c0b-4ef8-bb6d-6bb9bd380a11','c5a47ca4-fb55-4a28-ae81-e83eff80d624',current_timestamp,current_timestamp,null,1);
insert into votante values (uuid_generate_v4(),'Dr. Gerson Chaverra Castro ','gersoncc@cortesuprema.gov.co','a0eebc99-9c0b-4ef8-bb6d-6bb9bd380a11','acb54311-3baa-4d9b-822d-8f5026104101',current_timestamp,current_timestamp,null,1);
insert into votante values (uuid_generate_v4(),'Dra. Clara Cecilia Dueñas Quevedo  ','Claracq@cortesuprema.gov.co','a0eebc99-9c0b-4ef8-bb6d-6bb9bd380a11','006bc0f4-71a0-493a-bc5f-a2dcb7025410',current_timestamp,current_timestamp,null,1);
insert into votante values (uuid_generate_v4(),'Dr. Eugenio Fernández Carlier  ','Eugeniofc@cortesuprema.gov.co','a0eebc99-9c0b-4ef8-bb6d-6bb9bd380a11','f012cde8-8125-4f83-bc30-0848588d80c6',current_timestamp,current_timestamp,null,1);
insert into votante values (uuid_generate_v4(),'Dr. Álvaro Fernando García Restrepo ','Alvarogr@cortesuprema.gov.co','a0eebc99-9c0b-4ef8-bb6d-6bb9bd380a11','8b38c8a7-718e-4814-98a7-5e1f7563e9a5',current_timestamp,current_timestamp,null,1);
insert into votante values (uuid_generate_v4(),'Dr. Luis Antonio Hernández Barbosa ','Luishb@cortesuprema.gov.co','a0eebc99-9c0b-4ef8-bb6d-6bb9bd380a11','263940a3-c01a-4df1-8a56-8b2e5c716463',current_timestamp,current_timestamp,null,1);
insert into votante values (uuid_generate_v4(),'Dr. Luis Benedicto Herrera Díaz  ','luishd@cortesuprema.gov.co','a0eebc99-9c0b-4ef8-bb6d-6bb9bd380a11','4696c44d-f17b-4f6e-9a38-5faa0d4b37e5',current_timestamp,current_timestamp,null,1);
insert into votante values (uuid_generate_v4(),'Dr. Iván Mauricio Lenis Gómez ','ivanlg@cortesuprema.ramajudicial.gov.co','a0eebc99-9c0b-4ef8-bb6d-6bb9bd380a11','bfe2f1f8-b38c-4854-95e4-a06e82bf1fc5',current_timestamp,current_timestamp,null,1);
insert into votante values (uuid_generate_v4(),'Dr. Omar Ángel Mejía Amador ','omarma@cortesuprema.gov.co','a0eebc99-9c0b-4ef8-bb6d-6bb9bd380a11','4e3b632f-bef0-41c2-b6ca-b1e20a9d27e5',current_timestamp,current_timestamp,null,1);
insert into votante values (uuid_generate_v4(),'Dr. Jaime Humberto Moreno Acero ','jaimema@cortesuprema.gov.co','a0eebc99-9c0b-4ef8-bb6d-6bb9bd380a11','43102b4d-a5e1-4bc4-8de1-a7cd85f7c50b',current_timestamp,current_timestamp,null,1);
insert into votante values (uuid_generate_v4(),'Dr. Fabio Ospitia Garzón ','fabioog@cortesuprema.gov.co','a0eebc99-9c0b-4ef8-bb6d-6bb9bd380a11','211fd656-b636-44f7-8932-0833377e6b28',current_timestamp,current_timestamp,null,1);
insert into votante values (uuid_generate_v4(),'Dr. Eyder Patiño Cabrera  ','eyderpc@cortesuprema.gov.co','a0eebc99-9c0b-4ef8-bb6d-6bb9bd380a11','6edb04ee-67dc-40cc-a182-f926912d9d66',current_timestamp,current_timestamp,null,1);
insert into votante values (uuid_generate_v4(),'Dr. Hugo Quintero Bernate ','hugoqb@cortesuprema.gov.co','a0eebc99-9c0b-4ef8-bb6d-6bb9bd380a11','b06e8f3d-854b-4635-8d19-27eb20018192',current_timestamp,current_timestamp,null,1);
insert into votante values (uuid_generate_v4(),'Dr. Jorge Luis Quiroz Alemán','jorgeqa@cortesuprema.gov.co','a0eebc99-9c0b-4ef8-bb6d-6bb9bd380a11','e23ae29a-be4a-4b59-8803-b1e5d02b3cde',current_timestamp,current_timestamp,null,1);
insert into votante values (uuid_generate_v4(),'Dr. Aroldo Wilson Quiroz Monsalvo','Aroldoqm@cortesuprema.gov.co','a0eebc99-9c0b-4ef8-bb6d-6bb9bd380a11','c063415f-0a47-43b4-8b84-ae0e0e3d9da2',current_timestamp,current_timestamp,null,1);
insert into votante values (uuid_generate_v4(),'Dr. Luis Alonso Rico Puerta  ','luisrp@cortesuprema.ramajudicial.gov.co','a0eebc99-9c0b-4ef8-bb6d-6bb9bd380a11','16b3f6f8-ded1-4117-ac95-d87c47cbaabb',current_timestamp,current_timestamp,null,1);
insert into votante values (uuid_generate_v4(),'Dra. Patricia Salazar Cuéllar  ','patriciasc@cortesuprema.gov.co','a0eebc99-9c0b-4ef8-bb6d-6bb9bd380a11','f91aebf5-1e4c-4c72-82e1-ff94572f6a7a',current_timestamp,current_timestamp,null,1);
insert into votante values (uuid_generate_v4(),'Dr. Octavio Augusto Tejeiro Duque  ','octaviotd@cortesuprema.gov.co','a0eebc99-9c0b-4ef8-bb6d-6bb9bd380a11','8339382d-96bf-479b-b1cd-46d74a11399b',current_timestamp,current_timestamp,null,1);
insert into votante values (uuid_generate_v4(),'Dr. Francisco José Ternera Barrios ','franciscotb@cortesuprema.gov.co','a0eebc99-9c0b-4ef8-bb6d-6bb9bd380a11','9d3088dc-0df5-4a08-9630-f032d9ee129d',current_timestamp,current_timestamp,null,1);
insert into votante values (uuid_generate_v4(),'Dr. Luis Armando Tolosa Villabona  ','Luistv@cortesuprema.gov.co','a0eebc99-9c0b-4ef8-bb6d-6bb9bd380a11','57c4989e-614c-45d0-81f9-55c4a77b525b',current_timestamp,current_timestamp,null,1);



insert into "AspNetUserRoles" values ('344305d1-2180-49b5-92bb-576066c8abfd','a0eebc99-9c0b-4ef8-bb6d-6bb9bd380a11');
insert into "AspNetUserRoles" values ('fd30d6df-f897-4e5e-90e7-1f1de6462d93','a0eebc99-9c0b-4ef8-bb6d-6bb9bd380a11');
insert into "AspNetUserRoles" values ('c5a47ca4-fb55-4a28-ae81-e83eff80d624','a0eebc99-9c0b-4ef8-bb6d-6bb9bd380a11');
insert into "AspNetUserRoles" values ('acb54311-3baa-4d9b-822d-8f5026104101','a0eebc99-9c0b-4ef8-bb6d-6bb9bd380a11');
insert into "AspNetUserRoles" values ('006bc0f4-71a0-493a-bc5f-a2dcb7025410','a0eebc99-9c0b-4ef8-bb6d-6bb9bd380a11');
insert into "AspNetUserRoles" values ('f012cde8-8125-4f83-bc30-0848588d80c6','a0eebc99-9c0b-4ef8-bb6d-6bb9bd380a11');
insert into "AspNetUserRoles" values ('8b38c8a7-718e-4814-98a7-5e1f7563e9a5','a0eebc99-9c0b-4ef8-bb6d-6bb9bd380a11');
insert into "AspNetUserRoles" values ('263940a3-c01a-4df1-8a56-8b2e5c716463','a0eebc99-9c0b-4ef8-bb6d-6bb9bd380a11');
insert into "AspNetUserRoles" values ('4696c44d-f17b-4f6e-9a38-5faa0d4b37e5','a0eebc99-9c0b-4ef8-bb6d-6bb9bd380a11');
insert into "AspNetUserRoles" values ('bfe2f1f8-b38c-4854-95e4-a06e82bf1fc5','a0eebc99-9c0b-4ef8-bb6d-6bb9bd380a11');
insert into "AspNetUserRoles" values ('4e3b632f-bef0-41c2-b6ca-b1e20a9d27e5','a0eebc99-9c0b-4ef8-bb6d-6bb9bd380a11');
insert into "AspNetUserRoles" values ('43102b4d-a5e1-4bc4-8de1-a7cd85f7c50b','a0eebc99-9c0b-4ef8-bb6d-6bb9bd380a11');
insert into "AspNetUserRoles" values ('211fd656-b636-44f7-8932-0833377e6b28','a0eebc99-9c0b-4ef8-bb6d-6bb9bd380a11');
insert into "AspNetUserRoles" values ('6edb04ee-67dc-40cc-a182-f926912d9d66','a0eebc99-9c0b-4ef8-bb6d-6bb9bd380a11');
insert into "AspNetUserRoles" values ('b06e8f3d-854b-4635-8d19-27eb20018192','a0eebc99-9c0b-4ef8-bb6d-6bb9bd380a11');
insert into "AspNetUserRoles" values ('e23ae29a-be4a-4b59-8803-b1e5d02b3cde','a0eebc99-9c0b-4ef8-bb6d-6bb9bd380a11');
insert into "AspNetUserRoles" values ('c063415f-0a47-43b4-8b84-ae0e0e3d9da2','a0eebc99-9c0b-4ef8-bb6d-6bb9bd380a11');
insert into "AspNetUserRoles" values ('16b3f6f8-ded1-4117-ac95-d87c47cbaabb','a0eebc99-9c0b-4ef8-bb6d-6bb9bd380a11');
insert into "AspNetUserRoles" values ('f91aebf5-1e4c-4c72-82e1-ff94572f6a7a','a0eebc99-9c0b-4ef8-bb6d-6bb9bd380a11');
insert into "AspNetUserRoles" values ('8339382d-96bf-479b-b1cd-46d74a11399b','a0eebc99-9c0b-4ef8-bb6d-6bb9bd380a11');
insert into "AspNetUserRoles" values ('9d3088dc-0df5-4a08-9630-f032d9ee129d','a0eebc99-9c0b-4ef8-bb6d-6bb9bd380a11');
insert into "AspNetUserRoles" values ('57c4989e-614c-45d0-81f9-55c4a77b525b','a0eebc99-9c0b-4ef8-bb6d-6bb9bd380a11');
